Conv ID,Result
2,Undetermined
3,Positive
4,Positive
11,Cannot judge the URL
13,Cannot judge the URL
15,Positive
17,Undetermined
20,Undetermined
22,Cannot judge the URL
27,Positive
33,Positive
38,Positive
39,Positive
42,Undetermined
46,Positive
48,Cannot judge the URL
51,Cannot judge the URL
53,Cannot judge the URL
54,Cannot judge the URL
60,Undetermined
62,Negative
63,Positive
64,Positive
68,Positive
71,Positive
73,Undetermined
76,Cannot judge the URL
77,Cannot judge the URL
78,Negative
82,Positive
89,Cannot judge the URL
90,Undetermined
91,Cannot judge the URL
92,Cannot judge the URL
93,Positive
95,Negative
101,Positive
110,Positive
112,Undetermined
113,Positive
120,Cannot judge the URL
123,Negative
130,Cannot judge the URL
132,Undetermined
138,Positive
140,Cannot judge the URL
141,Cannot judge the URL
151,Positive
155,Positive
158,Cannot judge the URL
161,Positive
163,Positive
168,Cannot judge the URL
169,Positive
170,Undetermined
172,Undetermined
175,Positive
179,Cannot judge the URL
181,Undetermined
186,Cannot judge the URL
190,Negative
193,Positive
198,Negative
203,Cannot judge the URL
207,Cannot judge the URL
213,Positive
214,Positive
217,Cannot judge the URL
218,Positive
221,Undetermined
224,Cannot judge the URL
222,Positive
225,Positive
234,Negative
235,Negative
236,Positive
243,Positive
244,Positive
252,Undetermined
253,Positive
256,Positive
257,Cannot judge the URL
258,Cannot judge the URL
260,Cannot judge the URL
263,Cannot judge the URL
264,Cannot judge the URL
268,Cannot judge the URL
273,Undetermined
275,Undetermined
276,Positive
280,Positive
281,Positive
282,Positive
283,Positive
284,Positive
285,Positive
289,Positive
290,Negative
297,Positive
299,Undetermined
305,Positive
313,Positive
315,Cannot judge the URL
316,Negative
318,Undetermined
320,Undetermined
325,Cannot judge the URL
331,Undetermined
330,Negative
333,Positive
334,Positive
336,Undetermined
339,Cannot judge the URL
342,Cannot judge the URL
344,Cannot judge the URL
348,Cannot judge the URL
350,Negative
351,Negative
356,Negative
359,Positive
361,Negative
365,Undetermined
368,Cannot judge the URL
369,Undetermined
375,Negative
378,Cannot judge the URL
379,Positive
380,Cannot judge the URL
384,Positive
386,Undetermined
389,Positive
391,Cannot judge the URL
396,Negative
407,Cannot judge the URL
409,Cannot judge the URL
410,Positive
411,Positive
413,Cannot judge the URL
417,Negative
419,Positive
420,Positive
422,Cannot judge the URL
423,Negative
429,Cannot judge the URL
431,Positive
432,Positive
439,Cannot judge the URL
437,Cannot judge the URL
440,Positive
442,Undetermined
445,Positive
448,Positive
450,Positive
451,Positive
455,Cannot judge the URL
458,Positive
462,Negative
464,Positive
468,Cannot judge the URL
474,Positive
481,Cannot judge the URL
494,Positive
503,Negative
505,Positive
508,Positive
517,Negative
518,Cannot judge the URL
527,Cannot judge the URL
533,Negative
534,Cannot judge the URL
537,Positive
540,Undetermined
542,Cannot judge the URL
545,Negative
552,Positive
554,Undetermined
557,Positive
560,Undetermined
564,Undetermined
568,Positive
572,Positive
578,Cannot judge the URL
582,Undetermined
584,Cannot judge the URL
589,Positive
592,Undetermined
603,Cannot judge the URL
602,Cannot judge the URL
605,Undetermined
608,Cannot judge the URL
615,Positive
618,Positive
619,Cannot judge the URL
625,Positive
633,Undetermined
634,Cannot judge the URL
635,Positive
641,Cannot judge the URL
644,Positive
648,Cannot judge the URL
654,Positive
655,Negative
658,Cannot judge the URL
659,Positive
662,Cannot judge the URL
664,Positive
666,Positive
667,Cannot judge the URL
671,Positive
678,Cannot judge the URL
679,Negative
680,Positive
686,Positive
687,Positive
692,Undetermined
699,Negative
700,Positive
705,Negative
710,Cannot judge the URL
713,Positive
715,Cannot judge the URL
720,Undetermined
721,Undetermined
724,Positive
728,Positive
730,Negative
731,Positive
732,Positive
734,Positive
735,Negative
740,Cannot judge the URL
744,Undetermined
747,Negative
750,Positive
753,Undetermined
756,Positive
759,Cannot judge the URL
762,Positive
761,Undetermined
763,Positive
765,Positive
767,Positive
771,Cannot judge the URL
775,Positive
776,Cannot judge the URL
780,Undetermined
784,Cannot judge the URL
787,Cannot judge the URL
795,Positive
796,Negative
799,Positive
806,Positive
808,Cannot judge the URL
816,Positive
822,Positive
825,Positive
824,Negative
826,Undetermined
829,Positive
830,Positive
831,Positive
836,Cannot judge the URL
835,Cannot judge the URL
837,Undetermined
841,Undetermined
842,Positive
847,Positive
850,Positive
853,Cannot judge the URL
854,Negative
857,Positive
860,Cannot judge the URL
861,Cannot judge the URL
864,Negative
866,Positive
868,Positive
874,Cannot judge the URL
882,Cannot judge the URL
895,Negative
898,Positive
904,Positive
907,Positive
908,Cannot judge the URL
918,Cannot judge the URL
919,Positive
920,Positive
921,Cannot judge the URL
928,Positive
929,Cannot judge the URL
930,Positive
933,Cannot judge the URL
934,Positive
939,Positive
940,Undetermined
942,Positive
949,Undetermined
951,Negative
952,Positive
955,Cannot judge the URL
959,Undetermined
960,Undetermined
963,Cannot judge the URL
980,Positive
983,Cannot judge the URL
989,Cannot judge the URL
993,Cannot judge the URL
1009,Positive
1014,Positive
1018,Negative
1021,Positive
1030,Cannot judge the URL
1036,Cannot judge the URL
1039,Undetermined
1042,Negative
1046,Positive
1047,Cannot judge the URL
1052,Cannot judge the URL
1053,Positive
1055,Cannot judge the URL
1058,Positive
1060,Positive
1061,Positive
1063,Positive
1066,Cannot judge the URL
1070,Positive
1072,Negative
1074,Positive
1080,Positive
1081,Cannot judge the URL
1082,Cannot judge the URL
1084,Undetermined
1090,Positive
1093,Cannot judge the URL
1103,Cannot judge the URL
1105,Cannot judge the URL
1106,Positive
1108,Cannot judge the URL
1110,Cannot judge the URL
1113,Positive
1122,Undetermined
1125,Positive
1127,Positive
1130,Cannot judge the URL
1135,Negative
1138,Positive
1139,Cannot judge the URL
1145,Undetermined
1151,Cannot judge the URL
1149,Cannot judge the URL
1150,Positive
1152,Cannot judge the URL
1155,Cannot judge the URL
1158,Positive
1157,Positive
1166,Positive
1167,Positive
1172,Undetermined
1177,Cannot judge the URL
1181,Positive
1183,Positive
1186,Cannot judge the URL
1187,Positive
1189,Undetermined
1190,Undetermined
1196,Positive
1197,Negative
1198,Cannot judge the URL
1203,Positive
1209,Cannot judge the URL
1210,Positive
1211,Positive
1212,Positive
1214,Cannot judge the URL
1219,Positive
1222,Positive
1223,Negative
1230,Cannot judge the URL
1238,Positive
1240,Positive
1243,Negative
1245,Positive
1249,Undetermined
1250,Positive
1253,Cannot judge the URL
1255,Cannot judge the URL
1256,Cannot judge the URL
1259,Negative
1260,Positive
1262,Cannot judge the URL
1270,Negative
1280,Positive
1284,Cannot judge the URL
1286,Positive
1289,Undetermined
1293,Cannot judge the URL
1295,Positive
1302,Undetermined
1303,Cannot judge the URL
1307,Cannot judge the URL
1322,Negative
1327,Positive
1328,Undetermined
1329,Negative
1332,Cannot judge the URL
1333,Positive
1338,Cannot judge the URL
1340,Positive
1341,Positive
1343,Cannot judge the URL
1344,Undetermined
1345,Cannot judge the URL
1346,Cannot judge the URL
1348,Undetermined
1349,Positive
1353,Negative
1354,Cannot judge the URL
1358,Undetermined
1361,Positive
1364,Negative
1363,Cannot judge the URL
1365,Cannot judge the URL
1367,Cannot judge the URL
1368,Undetermined
1371,Cannot judge the URL
1372,Undetermined
1373,Cannot judge the URL
1374,Negative
1376,Positive
1377,Cannot judge the URL
1379,Positive
1380,Cannot judge the URL
1382,Positive
1383,Positive
1391,Positive
1393,Positive
1395,Positive
1398,Cannot judge the URL
1402,Cannot judge the URL
1404,Negative
1407,Positive
1414,Positive
1415,Undetermined
1417,Positive
1419,Cannot judge the URL
1420,Positive
1423,Negative
1426,Cannot judge the URL
1430,Cannot judge the URL
1438,Cannot judge the URL
1443,Positive
1446,Cannot judge the URL
1448,Cannot judge the URL
1449,Negative
1452,Undetermined
1464,Negative
1465,Positive
1471,Positive
1472,Negative
1475,Positive
1477,Positive
1479,Cannot judge the URL
1485,Positive
1491,Negative
1494,Cannot judge the URL
1495,Cannot judge the URL
1500,Cannot judge the URL
1504,Cannot judge the URL
1507,Positive
1510,Cannot judge the URL
1514,Positive
1518,Cannot judge the URL
1521,Positive
1523,Cannot judge the URL
1527,Undetermined
1533,Positive
1534,Positive
1543,Positive
1550,Cannot judge the URL
1551,Positive
1558,Positive
1559,Cannot judge the URL
1563,Positive
1570,Undetermined
1573,Cannot judge the URL
1576,Cannot judge the URL
1587,Positive
1594,Positive
1597,Positive
1599,Cannot judge the URL
1604,Cannot judge the URL
1610,Positive
1619,Cannot judge the URL
1623,Undetermined
1622,Cannot judge the URL
1625,Positive
1629,Positive
1632,Cannot judge the URL
1633,Positive
1634,Cannot judge the URL
1635,Positive
1642,Undetermined
1641,Positive
1646,Positive
1654,Negative
1655,Cannot judge the URL
1657,Undetermined
1661,Cannot judge the URL
1662,Negative
1664,Cannot judge the URL
1666,Positive
1667,Cannot judge the URL
1671,Cannot judge the URL
1678,Positive
1679,Negative
1680,Cannot judge the URL
1681,Positive
1685,Positive
1686,Positive
1689,Positive
1690,Negative
1692,Cannot judge the URL
1702,Cannot judge the URL
1705,Undetermined
1708,Positive
1710,Cannot judge the URL
1716,Cannot judge the URL
1719,Negative
1721,Positive
1724,Undetermined
1727,Cannot judge the URL
1729,Cannot judge the URL
1732,Negative
1733,Cannot judge the URL
1734,Positive
1737,Cannot judge the URL
1743,Positive
1746,Positive
1753,Positive
1759,Undetermined
1761,Negative
1762,Positive
1771,Negative
1773,Undetermined
1779,Cannot judge the URL
1790,Positive
1791,Positive
1793,Undetermined
1799,Positive
1803,Negative
1806,Undetermined
1809,Cannot judge the URL
1807,Positive
1810,Positive
1812,Negative
1818,Undetermined
1820,Negative
1824,Cannot judge the URL
1825,Undetermined
1828,Undetermined
1830,Positive
1834,Positive
1835,Undetermined
1838,Positive
1840,Positive
1843,Negative
1844,Cannot judge the URL
1846,Positive
1849,Positive
1852,Positive
1860,Positive
1859,Positive
1872,Positive
1870,Positive
1875,Cannot judge the URL
1876,Positive
1880,Positive
1883,Positive
1890,Positive
1892,Positive
1897,Positive
1898,Undetermined
1900,Undetermined
1903,Cannot judge the URL
1906,Positive
1908,Positive
1910,Cannot judge the URL
1912,Positive
1919,Negative
1924,Undetermined
1927,Positive
1936,Positive
1938,Positive
1942,Positive
1950,Positive
1954,Positive
1955,Cannot judge the URL
1958,Cannot judge the URL
1968,Negative
1972,Negative
1977,Positive
1983,Positive
1986,Positive
1987,Cannot judge the URL
1988,Positive
1992,Cannot judge the URL
1995,Positive
1997,Negative
1998,Positive
2001,Positive
2008,Cannot judge the URL
2012,Negative
2022,Negative
2024,Positive
2026,Undetermined
2031,Cannot judge the URL
2032,Positive
2042,Undetermined
2049,Positive
2050,Cannot judge the URL
2054,Positive
2056,Undetermined
2060,Cannot judge the URL
2063,Undetermined
2065,Undetermined
2067,Positive
2069,Negative
2076,Cannot judge the URL
2079,Undetermined
2081,Cannot judge the URL
2087,Undetermined
2088,Cannot judge the URL
2091,Positive
2095,Positive
2101,Cannot judge the URL
2107,Negative
2119,Cannot judge the URL
2120,Positive
2123,Negative
2124,Cannot judge the URL
2133,Positive
2137,Cannot judge the URL
2138,Positive
2140,Cannot judge the URL
2143,Positive
2154,Cannot judge the URL
2155,Positive
2156,Cannot judge the URL
2161,Positive
2160,Cannot judge the URL
2167,Positive
2169,Negative
2170,Negative
2171,Cannot judge the URL
2176,Positive
2178,Cannot judge the URL
2179,Positive
2181,Cannot judge the URL
2185,Cannot judge the URL
2187,Cannot judge the URL
2188,Cannot judge the URL
2190,Positive
2191,Negative
2192,Negative
2193,Cannot judge the URL
2204,Negative
2207,Cannot judge the URL
2208,Positive
2210,Undetermined
2215,Undetermined
2216,Cannot judge the URL
2219,Cannot judge the URL
2223,Cannot judge the URL
2225,Cannot judge the URL
2227,Positive
2228,Positive
2229,Positive
2230,Undetermined
2232,Cannot judge the URL
2234,Cannot judge the URL
2235,Cannot judge the URL
2237,Positive
2240,Negative
2246,Positive
2247,Undetermined
2250,Cannot judge the URL
2251,Cannot judge the URL
2256,Negative
2261,Cannot judge the URL
2263,Undetermined
2264,Negative
2268,Positive
2271,Cannot judge the URL
2272,Positive
2275,Negative
2274,Cannot judge the URL
2276,Positive
2277,Cannot judge the URL
2278,Cannot judge the URL
2281,Undetermined
2282,Cannot judge the URL
2285,Undetermined
2292,Cannot judge the URL
2293,Cannot judge the URL
2295,Undetermined
2301,Cannot judge the URL
2305,Cannot judge the URL
2308,Positive
2309,Positive
2310,Positive
2311,Positive
2317,Undetermined
2319,Cannot judge the URL
2324,Negative
2325,Positive
2328,Cannot judge the URL
2333,Positive
2334,Positive
2335,Positive
2339,Negative
2340,Undetermined
2342,Positive
2347,Cannot judge the URL
2346,Negative
2354,Positive
2355,Cannot judge the URL
2357,Positive
2368,Negative
2375,Undetermined
2378,Undetermined
2380,Undetermined
2381,Positive
2382,Positive
2383,Cannot judge the URL
2384,Positive
2385,Negative
2386,Positive
2396,Positive
2397,Positive
2401,Positive
2403,Negative
2410,Positive
2411,Positive
2413,Cannot judge the URL
2415,Cannot judge the URL
2420,Positive
2421,Cannot judge the URL
2424,Positive
2425,Cannot judge the URL
2430,Positive
2432,Positive
2433,Cannot judge the URL
2434,Cannot judge the URL
2436,Cannot judge the URL
2437,Negative
2438,Cannot judge the URL
2439,Positive
2440,Positive
2442,Cannot judge the URL
2443,Positive
2448,Positive
2451,Cannot judge the URL
2454,Negative
2453,Cannot judge the URL
2456,Cannot judge the URL
2457,Cannot judge the URL
2458,Cannot judge the URL
2459,Positive
2460,Positive
2464,Positive
2465,Negative
2466,Undetermined
2468,Cannot judge the URL
2469,Positive
2472,Negative
2473,Cannot judge the URL
2477,Cannot judge the URL
2483,Positive
2488,Positive
